Sample,observed_species,shannon,simpson,chao1,ACE,goods_coverage,PD_whole_tree
Bar,48.52147290976783,0.3300409065555363,0.00585946527708232,47.01937462720376,45.81033794898263,0,5.728675588650492
CWB,110.82568895943456,0.09176782297370568,0.0025166114784235852,649.3984002015507,224.0862844687287,0.0023094010767585054,9.618202864014329
EB,23.18045153428495,0.46915669024324913,0.03559494346111541,14.656974892521326,20.197045650292555,0,1.6861012227423775
YH,182.16018591704756,1.763228950911745,0.1672483183771962,191.1439990896916,175.04378673634773,0,14.213804921038324
YW,74.35724578008521,0.40040021645015805,0.052829915767489175,81.60377884836791,79.19122458959703,5.773502691896263e-4,7.968596133155031
